{"cameraMode":{"drawMode":0,"name":"Shaded","section":"Shading Mode"},"sceneLighting":true,"audioPlay":false,"sceneViewState":{"m_AlwaysRefresh":false,"showFog":true,"showSkybox":true,"showFlares":true,"showImageEffects":true,"showParticleSystems":true,"showVisualEffectGraphs":true,"m_FxEnabled":true},"in2DMode":false,"pivot":{"x":0.5675082206726074,"y":-5.00826358795166,"z":-15.355812072753907},"rotation":{"x":0.001567144296132028,"y":0.9856612682342529,"z":-0.1684957891702652,"w":0.009168318472802639},"size":9.939373016357422,"orthographic":false}